antecedents,consequents,antecedent support,consequent support,support,confidence,lift,leverage,conviction,zhangs_metric
['weigth_of_list_we'],['vs_str_No-violate'],0.19047619047619047,0.6190476190476191,0.19047619047619047,1.0,1.6153846153846154,0.07256235827664398,inf,0.4705882352941176
['weigth_of_list_wp'],['vs_str_No-violate'],0.42857142857142855,0.6190476190476191,0.42857142857142855,1.0,1.6153846153846154,0.16326530612244894,inf,0.6666666666666666
"['weigth_of_list_wp', 'has_zeros_True']",['vs_str_No-violate'],0.19047619047619047,0.6190476190476191,0.19047619047619047,1.0,1.6153846153846154,0.07256235827664398,inf,0.4705882352941176
"['has_duplicates_True', 'weigth_of_list_wp']",['vs_str_No-violate'],0.16666666666666666,0.6190476190476191,0.16666666666666666,1.0,1.6153846153846154,0.06349206349206349,inf,0.4571428571428571
"['is_sorted_True', 'weigth_of_list_wp']",['vs_str_No-violate'],0.14285714285714285,0.6190476190476191,0.14285714285714285,1.0,1.6153846153846154,0.054421768707482984,inf,0.44444444444444436
"['weigth_of_list_wp', 'more_positive_or_negative_e']",['vs_str_No-violate'],0.14285714285714285,0.6190476190476191,0.14285714285714285,1.0,1.6153846153846154,0.054421768707482984,inf,0.44444444444444436
"['weigth_of_list_wp', 'more_positive_or_negative_n']",['vs_str_No-violate'],0.11904761904761904,0.6190476190476191,0.11904761904761904,1.0,1.6153846153846154,0.045351473922902494,inf,0.43243243243243246
"['more_positive_or_negative_p', 'weigth_of_list_wp']",['vs_str_No-violate'],0.16666666666666666,0.6190476190476191,0.16666666666666666,1.0,1.6153846153846154,0.06349206349206349,inf,0.4571428571428571
